{
	"groups_01_oct_20_0000" : 	{
		"model" : 		{
			"filter_preset" : 2,
			"label_collection" : "groups",
			"svm" : 			{
				"coef0" : 0.0,
				"gamma" : 0.5,
				"learning_rate" : 0.1,
				"kernel_degree" : 3.0,
				"kernel" : "rbf"
			}
,
			"emg" : 			{
				"right" : 				{
					"log_diffusion" : -2.0,
					"log_jump" : -50.0
				}
,
				"left" : 				{
					"log_diffusion" : -2.0,
					"log_jump" : -5.0
				}

			}
,
			"labels" : [ "group_1", "group_2", "group_3", "group_4", "group_5", "group_6-1", "group_6-2", "group_7-1", "group_7-2" ]
		}
,
		"results" : 		{
			"group_1" : 77.777777777777786,
			"group_2" : 82.608695652173907,
			"group_3" : 20.454545454545457,
			"group_4" : 84.782608695652172,
			"group_5" : 65.909090909090907,
			"group_6-1" : 84.444444444444443,
			"group_6-2" : 46.666666666666664,
			"group_7-1" : 80.434782608695656,
			"group_7-2" : 89.130434782608688
		}

	}
,
	"groups_01_oct_20_0001" : 	{
		"model" : 		{
			"filter_preset" : 2,
			"label_collection" : "groups",
			"svm" : 			{
				"coef0" : 0.0,
				"gamma" : 0.5,
				"learning_rate" : 0.1,
				"kernel_degree" : 3.0,
				"kernel" : "rbf"
			}
,
			"emg" : 			{
				"right" : 				{
					"log_diffusion" : -2.0,
					"log_jump" : -50.0
				}
,
				"left" : 				{
					"log_diffusion" : -2.0,
					"log_jump" : -10.0
				}

			}
,
			"labels" : [ "group_1", "group_2", "group_3", "group_4", "group_5", "group_6-1", "group_6-2", "group_7-1", "group_7-2" ]
		}
,
		"results" : 		{
			"group_1" : 100.0,
			"group_2" : 91.304347826086953,
			"group_3" : 29.545454545454547,
			"group_4" : 78.260869565217376,
			"group_5" : 68.181818181818187,
			"group_6-1" : 86.666666666666671,
			"group_6-2" : 35.555555555555557,
			"group_7-1" : 76.086956521739125,
			"group_7-2" : 80.434782608695656
		}

	}
,
	"groups_01_oct_20_0002" : 	{
		"model" : 		{
			"filter_preset" : 2,
			"label_collection" : "groups",
			"svm" : 			{
				"coef0" : 0.0,
				"gamma" : 0.5,
				"learning_rate" : 0.1,
				"kernel_degree" : 3.0,
				"kernel" : "rbf"
			}
,
			"emg" : 			{
				"right" : 				{
					"log_diffusion" : -2.0,
					"log_jump" : -50.0
				}
,
				"left" : 				{
					"log_diffusion" : -2.0,
					"log_jump" : -15.0
				}

			}
,
			"labels" : [ "group_1", "group_2", "group_3", "group_4", "group_5", "group_6-1", "group_6-2", "group_7-1", "group_7-2" ]
		}
,
		"results" : 		{
			"group_1" : 93.333333333333329,
			"group_2" : 100.0,
			"group_3" : 6.818181818181817,
			"group_4" : 86.956521739130437,
			"group_5" : 79.545454545454547,
			"group_6-1" : 68.888888888888886,
			"group_6-2" : 11.111111111111112,
			"group_7-1" : 73.91304347826086,
			"group_7-2" : 80.434782608695656
		}

	}
,
	"groups_01_oct_20_0003" : 	{
		"model" : 		{
			"filter_preset" : 2,
			"label_collection" : "groups",
			"svm" : 			{
				"coef0" : 0.0,
				"gamma" : 0.5,
				"learning_rate" : 0.1,
				"kernel_degree" : 3.0,
				"kernel" : "rbf"
			}
,
			"emg" : 			{
				"right" : 				{
					"log_diffusion" : -2.0,
					"log_jump" : -50.0
				}
,
				"left" : 				{
					"log_diffusion" : -2.0,
					"log_jump" : -20.0
				}

			}
,
			"labels" : [ "group_1", "group_2", "group_3", "group_4", "group_5", "group_6-1", "group_6-2", "group_7-1", "group_7-2" ]
		}
,
		"results" : 		{
			"group_1" : 86.666666666666671,
			"group_2" : 100.0,
			"group_3" : 6.818181818181817,
			"group_4" : 86.956521739130437,
			"group_5" : 75.0,
			"group_6-1" : 64.444444444444443,
			"group_6-2" : 17.777777777777779,
			"group_7-1" : 73.91304347826086,
			"group_7-2" : 80.434782608695656
		}

	}
,
	"groups_01_oct_20_0004" : 	{
		"model" : 		{
			"filter_preset" : 2,
			"label_collection" : "groups",
			"svm" : 			{
				"coef0" : 0.0,
				"gamma" : 0.5,
				"learning_rate" : 0.1,
				"kernel_degree" : 3.0,
				"kernel" : "rbf"
			}
,
			"emg" : 			{
				"right" : 				{
					"log_diffusion" : -2.0,
					"log_jump" : -50.0
				}
,
				"left" : 				{
					"log_diffusion" : -2.0,
					"log_jump" : -25.0
				}

			}
,
			"labels" : [ "group_1", "group_2", "group_3", "group_4", "group_5", "group_6-1", "group_6-2", "group_7-1", "group_7-2" ]
		}
,
		"results" : 		{
			"group_1" : 84.444444444444443,
			"group_2" : 100.0,
			"group_3" : 6.818181818181817,
			"group_4" : 86.956521739130437,
			"group_5" : 79.545454545454547,
			"group_6-1" : 62.222222222222221,
			"group_6-2" : 11.111111111111112,
			"group_7-1" : 58.695652173913039,
			"group_7-2" : 89.130434782608688
		}

	}
,
	"groups_01_oct_20_0005" : 	{
		"model" : 		{
			"filter_preset" : 2,
			"label_collection" : "groups",
			"svm" : 			{
				"coef0" : 0.0,
				"gamma" : 0.5,
				"learning_rate" : 0.1,
				"kernel_degree" : 3.0,
				"kernel" : "rbf"
			}
,
			"emg" : 			{
				"right" : 				{
					"log_diffusion" : -2.0,
					"log_jump" : -50.0
				}
,
				"left" : 				{
					"log_diffusion" : -2.0,
					"log_jump" : -30.0
				}

			}
,
			"labels" : [ "group_1", "group_2", "group_3", "group_4", "group_5", "group_6-1", "group_6-2", "group_7-1", "group_7-2" ]
		}
,
		"results" : 		{
			"group_1" : 84.444444444444443,
			"group_2" : 100.0,
			"group_3" : 6.818181818181817,
			"group_4" : 86.956521739130437,
			"group_5" : 79.545454545454547,
			"group_6-1" : 62.222222222222221,
			"group_6-2" : 8.888888888888889,
			"group_7-1" : 54.347826086956516,
			"group_7-2" : 89.130434782608688
		}

	}
,
	"groups_01_oct_20_0006" : 	{
		"model" : 		{
			"filter_preset" : 2,
			"label_collection" : "groups",
			"svm" : 			{
				"coef0" : 0.0,
				"gamma" : 0.5,
				"learning_rate" : 0.1,
				"kernel_degree" : 3.0,
				"kernel" : "rbf"
			}
,
			"emg" : 			{
				"right" : 				{
					"log_diffusion" : -2.0,
					"log_jump" : -50.0
				}
,
				"left" : 				{
					"log_diffusion" : -2.0,
					"log_jump" : -35.0
				}

			}
,
			"labels" : [ "group_1", "group_2", "group_3", "group_4", "group_5", "group_6-1", "group_6-2", "group_7-1", "group_7-2" ]
		}
,
		"results" : 		{
			"group_1" : 82.222222222222229,
			"group_2" : 100.0,
			"group_3" : 6.818181818181817,
			"group_4" : 86.956521739130437,
			"group_5" : 75.0,
			"group_6-1" : 62.222222222222221,
			"group_6-2" : 8.888888888888889,
			"group_7-1" : 56.521739130434781,
			"group_7-2" : 89.130434782608688
		}

	}
,
	"groups_01_oct_20_0007" : 	{
		"model" : 		{
			"filter_preset" : 2,
			"label_collection" : "groups",
			"svm" : 			{
				"coef0" : 0.0,
				"gamma" : 0.5,
				"learning_rate" : 0.1,
				"kernel_degree" : 3.0,
				"kernel" : "rbf"
			}
,
			"emg" : 			{
				"right" : 				{
					"log_diffusion" : -2.0,
					"log_jump" : -50.0
				}
,
				"left" : 				{
					"log_diffusion" : -2.0,
					"log_jump" : -40.0
				}

			}
,
			"labels" : [ "group_1", "group_2", "group_3", "group_4", "group_5", "group_6-1", "group_6-2", "group_7-1", "group_7-2" ]
		}
,
		"results" : 		{
			"group_1" : 84.444444444444443,
			"group_2" : 100.0,
			"group_3" : 6.818181818181817,
			"group_4" : 86.956521739130437,
			"group_5" : 79.545454545454547,
			"group_6-1" : 62.222222222222221,
			"group_6-2" : 20.0,
			"group_7-1" : 47.826086956521742,
			"group_7-2" : 89.130434782608688
		}

	}
,
	"groups_01_oct_20_0008" : 	{
		"model" : 		{
			"filter_preset" : 2,
			"label_collection" : "groups",
			"svm" : 			{
				"coef0" : 0.0,
				"gamma" : 0.5,
				"learning_rate" : 0.1,
				"kernel_degree" : 3.0,
				"kernel" : "rbf"
			}
,
			"emg" : 			{
				"right" : 				{
					"log_diffusion" : -2.0,
					"log_jump" : -50.0
				}
,
				"left" : 				{
					"log_diffusion" : -2.0,
					"log_jump" : -45.0
				}

			}
,
			"labels" : [ "group_1", "group_2", "group_3", "group_4", "group_5", "group_6-1", "group_6-2", "group_7-1", "group_7-2" ]
		}
,
		"results" : 		{
			"group_1" : 84.444444444444443,
			"group_2" : 100.0,
			"group_3" : 6.818181818181817,
			"group_4" : 86.956521739130437,
			"group_5" : 75.0,
			"group_6-1" : 62.222222222222221,
			"group_6-2" : 15.555555555555555,
			"group_7-1" : 50.0,
			"group_7-2" : 89.130434782608688
		}

	}
,